{
  "custom": {},
  "params": {},
  "props": {},
  "root": {
    "children": [
      {
        "custom": {
          "alert_tags": ""
        },
        "meta": {
          "name": "FlexRepeater_1"
        },
        "position": {
          "height": 300,
          "width": 354,
          "x": 25,
          "y": 25
        },
        "propConfig": {
          "props.instances": {
            "binding": {
              "config": {
                "expression": "floor(getMinute({[System]Gateway/CurrentDateTime}))"
              },
              "transforms": [
                {
                  "code": "\ttag_path \u003d self.custom.alert_tags\n\tresults \u003d system.tag.browse(tag_path)\n\tinstances \u003d []\n\tfor result in results.getResults():\n\t\tparams \u003d {\u0027tag\u0027: result[\u0027fullPath\u0027].toString()}\n\t\tinstances.append(params)\n\treturn instances",
                  "type": "script"
                }
              ],
              "type": "expr"
            }
          }
        },
        "props": {
          "direction": "column",
          "path": "SmartMirror/Weather/alerts",
          "style": {
            "overflow": "hidden",
            "overflowX": "hidden",
            "overflowY": "hidden"
          }
        },
        "type": "ia.display.flex-repeater"
      }
    ],
    "meta": {
      "name": "root"
    },
    "props": {
      "style": {
        "backgroundColor": "#000000"
      }
    },
    "type": "ia.container.coord"
  }
}