{
  "custom": {},
  "params": {},
  "props": {},
  "root": {
    "children": [
      {
        "meta": {
          "name": "FlexRepeater_0"
        },
        "position": {
          "height": 665,
          "width": 754.9999999999999,
          "x": 15,
          "y": 67.5
        },
        "propConfig": {
          "props.instances": {
            "binding": {
              "config": {
                "expression": "getDayOfMonth({[System]Gateway/CurrentDateTime})"
              },
              "transforms": [
                {
                  "code": "\timport calendar\n\timport datetime\n\t\n\ttoday \u003d datetime.date.today()\n\tnext_month \u003d today + datetime.timedelta(days\u003d35)\n\t\n\tweekday \u003d calendar.weekday(today.year, today.month, today.day)\n\tweek \u003d []\n\tevents \u003d []\n\tall_weeks \u003d []\n\ttoday \u003d today + datetime.timedelta(days\u003d-(weekday+1))\n\trow \u003d 1\n\twhile today \u003c\u003d next_month:\n\t\ttoday \u003d today + datetime.timedelta(days\u003d1)\n\t\tweek.append(today.day)\n\t\ttoday_strftime \u003d today.strftime(\u0027%Y-%m-%d\u0027)\n\t\tevent \u003d \u0027\u0027\n\t\ttp \u003d \u0027[MQTT Engine]calendar/calendar/family_calendar/\u0027 + today_strftime\n\t\tif system.tag.exists(tp):\n\t\t\tevent \u003d system.tag.readBlocking([tp])[0].value\n\t\tevents.append(event)\n\t\tif len(week) \u003d\u003d 7:\n\t\t\tall_weeks.append({\u0027days\u0027:week, \u0027items\u0027:events, \u0027row\u0027:row})\n\t\t\tweek \u003d []\n\t\t\tevents \u003d []\n\t\t\trow +\u003d 1\n\t\tif len(all_weeks) \u003e\u003d 5:\n\t\t\tbreak\n\treturn all_weeks",
                  "type": "script"
                }
              ],
              "type": "expr"
            }
          }
        },
        "props": {
          "direction": "column",
          "path": "SmartMirror/Calendar/row"
        },
        "type": "ia.display.flex-repeater"
      }
    ],
    "meta": {
      "name": "root"
    },
    "props": {
      "style": {
        "backgroundColor": "#000000"
      }
    },
    "type": "ia.container.coord"
  }
}