{
  "custom": {},
  "params": {},
  "props": {
    "defaultSize": {
      "height": 1080,
      "width": 1920
    }
  },
  "root": {
    "children": [
      {
        "meta": {
          "name": "Markdown"
        },
        "position": {
          "height": 193,
          "width": 503,
          "x": 2,
          "y": 12
        },
        "propConfig": {
          "props.source": {
            "binding": {
              "config": {
                "expression": "\u0027\u003cp style\u003d\"font-size: 3em;padding-top:20px;\"\u003e\u0027 + dateFormat({[System]Gateway/CurrentDateTime}, \u0027YYYY-MM-dd\u0027) + \u0027\u003c/p\u003e\u003cbr\u003e\u0027 +\n\u0027\u003cp style\u003d\"font-size:4em;padding-top:40px;\"\u003e\u0027 + dateFormat({[System]Gateway/CurrentDateTime}, \u0027HH:mm\u0027) + \u0027\u003c/p\u003e\u0027 "
              },
              "type": "expr"
            }
          }
        },
        "props": {
          "markdown": {
            "escapeHtml": false
          },
          "style": {
            "classes": "Header/Title",
            "color": "#EFEFEF",
            "paddingTop": 10,
            "textAlign": "center"
          }
        },
        "type": "ia.display.markdown"
      },
      {
        "meta": {
          "name": "flicker_image"
        },
        "position": {
          "height": 1,
          "width": 1
        },
        "propConfig": {
          "props.style.backgroundColor": {
            "binding": {
              "config": {
                "expression": "if(getSecond(now()) \u003e\u003d 23 \u0026\u0026 getSecond(now())  \u003c\u003d 28 \u0026\u0026  floor( (getMinute(now()) + 7)/15) \u003d 0, \u0027#000000FF\u0027, \u0027#00000000\u0027)\n\n"
              },
              "type": "expr"
            }
          }
        },
        "props": {
          "fit": {
            "height": 1080,
            "width": 1920
          },
          "tint": {
            "color": "#2F0000",
            "enabled": true
          }
        },
        "type": "ia.display.image"
      }
    ],
    "meta": {
      "name": "root"
    },
    "props": {
      "style": {
        "backgroundColor": "#000000",
        "overflow": "hidden"
      }
    },
    "type": "ia.container.coord"
  }
}