{
  "custom": {},
  "params": {
    "position": 11,
    "root_folder": ""
  },
  "propConfig": {
    "params.position": {
      "paramDirection": "input",
      "persistent": true
    },
    "params.root_folder": {
      "paramDirection": "input",
      "persistent": true
    }
  },
  "props": {
    "defaultSize": {
      "height": 374,
      "width": 540
    }
  },
  "root": {
    "children": [
      {
        "meta": {
          "name": "FlexRepeater_0"
        },
        "position": {
          "height": 463,
          "rotate": {
            "angle": -90
          },
          "width": 237,
          "x": 116.50426291079813,
          "y": -110.49226291079815
        },
        "propConfig": {
          "props.instances": {
            "binding": {
              "config": {
                "expression": "True"
              },
              "transforms": [
                {
                  "code": "\tresults \u003d system.tag.browse(path\u003dself.view.params.root_folder)\n\ttag_paths \u003d [\u0027{0}\u0027.format(result[\u0027fullPath\u0027]) for result in results.getResults()]\n\tvalues \u003d system.tag.readBlocking(tag_paths)\n\tmy_list \u003d [\u0027\u003cdiv style\u003d\"background-color:#454577;margin:0\"\u003e\u0027 + x[0].split(\u0027/\u0027)[-1] + \u0027\u003c/div\u003e\u0027 + x[1].value for x in zip(tag_paths, values)]\n\tinstances \u003d []\n\tfor text in my_list[self.view.params.position:] + my_list[:self.view.params.position]:\n\t\tinstances.append({\u0027text\u0027:text})\n\treturn instances\n\t",
                  "type": "script"
                }
              ],
              "type": "expr"
            }
          }
        },
        "props": {
          "direction": "column",
          "path": "SmartMirror/Calendar/event",
          "style": {
            "overflow": "hidden"
          }
        },
        "type": "ia.display.flex-repeater"
      }
    ],
    "meta": {
      "name": "root"
    },
    "props": {
      "style": {
        "backgroundColor": "#000000"
      }
    },
    "type": "ia.container.coord"
  }
}