{
  "custom": {},
  "params": {
    "days": [
      0,
      1,
      2,
      3,
      4,
      5,
      6
    ],
    "items": [
      "\u003cdiv style\u003d\"margin:0; background-color:#FF2600;\"\u003eDr appointment Vindhya\u003c/div\u003e",
      "value",
      "value",
      "value",
      "value",
      "value",
      "value"
    ],
    "row": 1
  },
  "propConfig": {
    "params.days": {
      "paramDirection": "input",
      "persistent": true
    },
    "params.days[0]": {
      "paramDirection": "input",
      "persistent": true
    },
    "params.days[1]": {
      "paramDirection": "input",
      "persistent": true
    },
    "params.days[2]": {
      "paramDirection": "input",
      "persistent": true
    },
    "params.days[3]": {
      "paramDirection": "input",
      "persistent": true
    },
    "params.days[4]": {
      "paramDirection": "input",
      "persistent": true
    },
    "params.days[5]": {
      "paramDirection": "input",
      "persistent": true
    },
    "params.days[6]": {
      "paramDirection": "input",
      "persistent": true
    },
    "params.items": {
      "paramDirection": "input",
      "persistent": true
    },
    "params.items[0]": {
      "paramDirection": "input",
      "persistent": true
    },
    "params.items[1]": {
      "paramDirection": "input",
      "persistent": true
    },
    "params.items[2]": {
      "paramDirection": "input",
      "persistent": true
    },
    "params.items[3]": {
      "paramDirection": "input",
      "persistent": true
    },
    "params.items[4]": {
      "paramDirection": "input",
      "persistent": true
    },
    "params.items[5]": {
      "paramDirection": "input",
      "persistent": true
    },
    "params.items[6]": {
      "paramDirection": "input",
      "persistent": true
    },
    "params.row": {
      "paramDirection": "input",
      "persistent": true
    }
  },
  "props": {
    "defaultSize": {
      "height": 125,
      "width": 725
    }
  },
  "root": {
    "children": [
      {
        "meta": {
          "name": "Day_0"
        },
        "position": {
          "height": 20,
          "width": 100
        },
        "propConfig": {
          "props.style.backgroundColor": {
            "binding": {
              "config": {
                "expression": "if(getDayOfMonth({[System]Gateway/CurrentDateTime}) \u003d {view.params.days[0]} \u0026\u0026 {view.params.row} \u003d 1, \u0027#3366ff\u0027, \u0027#000000\u0027)"
              },
              "overlayOptOut": true,
              "type": "expr"
            }
          },
          "props.text": {
            "binding": {
              "config": {
                "expression": "if({view.params.days[0]} \u003d 0, \u0027\u0027, \u0027Mon \u0027 + {view.params.days[0]}  )"
              },
              "type": "expr"
            }
          }
        },
        "props": {
          "style": {
            "borderColor": "#2443FF",
            "borderStyle": "inset",
            "borderWidth": 1,
            "fontWeight": "bold"
          }
        },
        "type": "ia.display.label"
      },
      {
        "meta": {
          "name": "Day_1"
        },
        "position": {
          "height": 20,
          "width": 100,
          "x": 99
        },
        "propConfig": {
          "props.style.backgroundColor": {
            "binding": {
              "config": {
                "expression": "if(getDayOfMonth({[System]Gateway/CurrentDateTime}) \u003d {view.params.days[1]} \u0026\u0026 {view.params.row} \u003d 1, \u0027#3366ff\u0027, \u0027#000000\u0027)"
              },
              "overlayOptOut": true,
              "type": "expr"
            }
          },
          "props.text": {
            "binding": {
              "config": {
                "expression": "if({view.params.days[1]} \u003d 0, \u0027\u0027, \u0027Tues \u0027 + {view.params.days[1]}  )"
              },
              "type": "expr"
            }
          }
        },
        "props": {
          "style": {
            "borderColor": "#2443FF",
            "borderStyle": "inset",
            "borderWidth": 1,
            "fontWeight": "bold"
          }
        },
        "type": "ia.display.label"
      },
      {
        "meta": {
          "name": "Markdown_0"
        },
        "position": {
          "height": 82,
          "width": 100,
          "y": 19
        },
        "propConfig": {
          "props.source": {
            "binding": {
              "config": {
                "expression": "{view.params.items[0]}"
              },
              "type": "expr"
            }
          }
        },
        "props": {
          "markdown": {
            "escapeHtml": false
          },
          "style": {
            "backgroundColor": "#000000",
            "borderColor": "#7400FF",
            "borderStyle": "solid",
            "borderWidth": 1,
            "fontSize": 12
          }
        },
        "type": "ia.display.markdown"
      },
      {
        "meta": {
          "name": "Markdown_1"
        },
        "position": {
          "height": 82,
          "width": 100,
          "x": 99,
          "y": 19
        },
        "propConfig": {
          "props.source": {
            "binding": {
              "config": {
                "expression": "{view.params.items[1]}"
              },
              "type": "expr"
            }
          }
        },
        "props": {
          "markdown": {
            "escapeHtml": false
          },
          "style": {
            "backgroundColor": "#000000",
            "borderColor": "#7400FF",
            "borderStyle": "solid",
            "borderWidth": 1,
            "fontSize": 12
          }
        },
        "type": "ia.display.markdown"
      },
      {
        "meta": {
          "name": "Image"
        },
        "position": {
          "height": 53,
          "width": 65,
          "x": 470,
          "y": 41
        },
        "props": {
          "source": "njd"
        },
        "type": "ia.display.image"
      },
      {
        "meta": {
          "name": "Markdown_2"
        },
        "position": {
          "height": 82,
          "width": 100,
          "x": 198,
          "y": 19
        },
        "propConfig": {
          "props.source": {
            "binding": {
              "config": {
                "expression": "{view.params.items[2]}"
              },
              "type": "expr"
            }
          }
        },
        "props": {
          "markdown": {
            "escapeHtml": false
          },
          "style": {
            "backgroundColor": "#000000",
            "borderColor": "#7400FF",
            "borderStyle": "solid",
            "borderWidth": 1,
            "fontSize": 12
          }
        },
        "type": "ia.display.markdown"
      },
      {
        "meta": {
          "name": "Day_2"
        },
        "position": {
          "height": 20,
          "width": 100,
          "x": 198
        },
        "propConfig": {
          "props.style.backgroundColor": {
            "binding": {
              "config": {
                "expression": "if(getDayOfMonth({[System]Gateway/CurrentDateTime}) \u003d {view.params.days[2]} \u0026\u0026 {view.params.row} \u003d 1, \u0027#3366ff\u0027, \u0027#000000\u0027)"
              },
              "overlayOptOut": true,
              "type": "expr"
            }
          },
          "props.text": {
            "binding": {
              "config": {
                "expression": "if({view.params.days[2]} \u003d 0, \u0027\u0027, \u0027Wed \u0027 + {view.params.days[2]}  )"
              },
              "type": "expr"
            }
          }
        },
        "props": {
          "style": {
            "borderColor": "#2443FF",
            "borderStyle": "inset",
            "borderWidth": 1,
            "fontWeight": "bold"
          }
        },
        "type": "ia.display.label"
      },
      {
        "meta": {
          "name": "Markdown_3"
        },
        "position": {
          "height": 82,
          "width": 100,
          "x": 297,
          "y": 19
        },
        "propConfig": {
          "props.source": {
            "binding": {
              "config": {
                "expression": "{view.params.items[3]}"
              },
              "type": "expr"
            }
          }
        },
        "props": {
          "markdown": {
            "escapeHtml": false
          },
          "style": {
            "backgroundColor": "#000000",
            "borderColor": "#7400FF",
            "borderStyle": "solid",
            "borderWidth": 1,
            "fontSize": 12
          }
        },
        "type": "ia.display.markdown"
      },
      {
        "meta": {
          "name": "Day_3"
        },
        "position": {
          "height": 20,
          "width": 100,
          "x": 297
        },
        "propConfig": {
          "props.style.backgroundColor": {
            "binding": {
              "config": {
                "expression": "if(getDayOfMonth({[System]Gateway/CurrentDateTime}) \u003d {view.params.days[3]} \u0026\u0026 {view.params.row} \u003d 1, \u0027#3366ff\u0027, \u0027#000000\u0027)"
              },
              "overlayOptOut": true,
              "type": "expr"
            }
          },
          "props.text": {
            "binding": {
              "config": {
                "expression": "if({view.params.days[3]} \u003d 0, \u0027\u0027, \u0027Thurs \u0027 + {view.params.days[3]}  )"
              },
              "type": "expr"
            }
          }
        },
        "props": {
          "style": {
            "borderColor": "#2443FF",
            "borderStyle": "inset",
            "borderWidth": 1,
            "fontWeight": "bold"
          }
        },
        "type": "ia.display.label"
      },
      {
        "meta": {
          "name": "Markdown_4"
        },
        "position": {
          "height": 82,
          "width": 100,
          "x": 396,
          "y": 19
        },
        "propConfig": {
          "props.source": {
            "binding": {
              "config": {
                "expression": "{view.params.items[4]}"
              },
              "type": "expr"
            }
          }
        },
        "props": {
          "markdown": {
            "escapeHtml": false
          },
          "style": {
            "backgroundColor": "#000000",
            "borderColor": "#7400FF",
            "borderStyle": "solid",
            "borderWidth": 1,
            "fontSize": 12
          }
        },
        "type": "ia.display.markdown"
      },
      {
        "meta": {
          "name": "Day_4"
        },
        "position": {
          "height": 20,
          "width": 100,
          "x": 396
        },
        "propConfig": {
          "props.style.backgroundColor": {
            "binding": {
              "config": {
                "expression": "if(getDayOfMonth({[System]Gateway/CurrentDateTime}) \u003d {view.params.days[4]} \u0026\u0026 {view.params.row} \u003d 1, \u0027#3366ff\u0027, \u0027#000000\u0027)"
              },
              "type": "expr"
            }
          },
          "props.text": {
            "binding": {
              "config": {
                "expression": "if({view.params.days[4]} \u003d 0, \u0027\u0027, \u0027Fri \u0027 + {view.params.days[4]}  )"
              },
              "type": "expr"
            }
          }
        },
        "props": {
          "style": {
            "borderColor": "#2443FF",
            "borderStyle": "inset",
            "borderWidth": 1,
            "fontWeight": "bold"
          }
        },
        "type": "ia.display.label"
      },
      {
        "meta": {
          "name": "Markdown_5"
        },
        "position": {
          "height": 82,
          "width": 100,
          "x": 515,
          "y": 19
        },
        "propConfig": {
          "props.source": {
            "binding": {
              "config": {
                "expression": "{view.params.items[5]}"
              },
              "type": "expr"
            }
          }
        },
        "props": {
          "markdown": {
            "escapeHtml": false
          },
          "style": {
            "backgroundColor": "#000000",
            "borderColor": "#7400FF",
            "borderStyle": "solid",
            "borderWidth": 1,
            "fontSize": 12
          }
        },
        "type": "ia.display.markdown"
      },
      {
        "meta": {
          "name": "Day_5"
        },
        "position": {
          "height": 20,
          "width": 100,
          "x": 515
        },
        "propConfig": {
          "props.style.backgroundColor": {
            "binding": {
              "config": {
                "expression": "if(getDayOfMonth({[System]Gateway/CurrentDateTime}) \u003d {view.params.days[5]} \u0026\u0026 {view.params.row} \u003d 1, \u0027#3366ff\u0027, \u0027#000000\u0027)"
              },
              "type": "expr"
            }
          },
          "props.text": {
            "binding": {
              "config": {
                "expression": "if({view.params.days[5]} \u003d 0, \u0027\u0027, \u0027Sat \u0027 + {view.params.days[5]}  )"
              },
              "type": "expr"
            }
          }
        },
        "props": {
          "style": {
            "borderColor": "#2443FF",
            "borderStyle": "inset",
            "borderWidth": 1,
            "fontWeight": "bold"
          }
        },
        "type": "ia.display.label"
      },
      {
        "meta": {
          "name": "Markdown_6"
        },
        "position": {
          "height": 82,
          "width": 100,
          "x": 614,
          "y": 19
        },
        "propConfig": {
          "props.source": {
            "binding": {
              "config": {
                "expression": "{view.params.items[6]}"
              },
              "type": "expr"
            }
          }
        },
        "props": {
          "markdown": {
            "escapeHtml": false
          },
          "style": {
            "backgroundColor": "#000000",
            "borderColor": "#7400FF",
            "borderStyle": "solid",
            "borderWidth": 1,
            "fontSize": 12
          }
        },
        "type": "ia.display.markdown"
      },
      {
        "meta": {
          "name": "Day_6"
        },
        "position": {
          "height": 20,
          "width": 100,
          "x": 614
        },
        "propConfig": {
          "props.style.backgroundColor": {
            "binding": {
              "config": {
                "expression": "if(getDayOfMonth({[System]Gateway/CurrentDateTime}) \u003d {view.params.days[6]} \u0026\u0026 {view.params.row} \u003d 1, \u0027#3366ff\u0027, \u0027#000000\u0027)"
              },
              "type": "expr"
            }
          },
          "props.text": {
            "binding": {
              "config": {
                "expression": "if({view.params.days[6]} \u003d 0, \u0027\u0027, \u0027Sun \u0027 + {view.params.days[6]}  )"
              },
              "type": "expr"
            }
          }
        },
        "props": {
          "style": {
            "borderColor": "#2443FF",
            "borderStyle": "inset",
            "borderWidth": 1,
            "fontWeight": "bold"
          }
        },
        "type": "ia.display.label"
      }
    ],
    "meta": {
      "name": "root"
    },
    "props": {
      "style": {
        "backgroundColor": "#000000",
        "color": "#EFEFEF"
      }
    },
    "type": "ia.container.coord"
  }
}