{
  "custom": {},
  "params": {
    "gameId": 2019030415
  },
  "propConfig": {
    "params.gameId": {
      "paramDirection": "input",
      "persistent": true
    }
  },
  "props": {
    "defaultSize": {
      "height": 225,
      "width": 416
    }
  },
  "root": {
    "children": [
      {
        "meta": {
          "name": "AwayTeam"
        },
        "position": {
          "height": 57,
          "width": 152,
          "x": 94,
          "y": 7
        },
        "propConfig": {
          "props.text": {
            "binding": {
              "config": {
                "expression": "tag(\u0027[MQTT Engine]nhl/nhl/games/\u0027 + {view.params.gameId} + \u0027/teams/away/team/name\u0027)"
              },
              "type": "expr"
            }
          }
        },
        "props": {
          "style": {
            "fontSize": "1.3em",
            "fontWeight": "bold",
            "textAlign": "center"
          }
        },
        "type": "ia.display.label"
      },
      {
        "meta": {
          "name": "AwayTeamRecord"
        },
        "position": {
          "height": 26,
          "width": 83,
          "x": 128.5,
          "y": 67
        },
        "propConfig": {
          "props.text": {
            "binding": {
              "config": {
                "expression": "tag(\u0027[MQTT Engine]nhl/nhl/games/\u0027 + {view.params.gameId} + \u0027/teams/away/leagueRecord/wins\u0027) +\n\u0027 - \u0027 +\ntag(\u0027[MQTT Engine]nhl/nhl/games/\u0027 + {view.params.gameId} + \u0027/teams/away/leagueRecord/losses\u0027) + \n\u0027 - \u0027 +\ntag(\u0027[MQTT Engine]nhl/nhl/games/\u0027 + {view.params.gameId} + \u0027/teams/away/leagueRecord/ot\u0027)"
              },
              "overlayOptOut": true,
              "type": "expr"
            }
          }
        },
        "props": {
          "style": {
            "textAlign": "center"
          }
        },
        "type": "ia.display.label"
      },
      {
        "meta": {
          "name": "AwayTeamImage"
        },
        "position": {
          "height": 85,
          "width": 85,
          "x": 9,
          "y": 7
        },
        "propConfig": {
          "props.source": {
            "binding": {
              "config": {
                "expression": "\u0027/system/images/nhl/\u0027 + tag(\u0027[MQTT Engine]nhl/nhl/games/\u0027 + {view.params.gameId} + \u0027/teams/away/team/id\u0027) + \u0027.svg\u0027"
              },
              "type": "expr"
            }
          }
        },
        "props": {
          "fit": {
            "mode": "contain"
          },
          "tint": {
            "enabled": true
          }
        },
        "type": "ia.display.image"
      },
      {
        "meta": {
          "name": "HomeTeamImage"
        },
        "position": {
          "height": 85,
          "width": 85,
          "x": 9,
          "y": 113
        },
        "propConfig": {
          "props.source": {
            "binding": {
              "config": {
                "expression": "\u0027/system/images/nhl/\u0027 + tag(\u0027[MQTT Engine]nhl/nhl/games/\u0027 + {view.params.gameId} + \u0027/teams/home/team/id\u0027) + \u0027.svg\u0027"
              },
              "type": "expr"
            }
          }
        },
        "props": {
          "fit": {
            "mode": "contain"
          },
          "tint": {
            "enabled": true
          }
        },
        "type": "ia.display.image"
      },
      {
        "meta": {
          "name": "HomeTeam"
        },
        "position": {
          "height": 57,
          "width": 152,
          "x": 94,
          "y": 113
        },
        "propConfig": {
          "props.text": {
            "binding": {
              "config": {
                "expression": "tag(\u0027[MQTT Engine]nhl/nhl/games/\u0027 + {view.params.gameId} + \u0027/teams/home/team/name\u0027)"
              },
              "type": "expr"
            }
          }
        },
        "props": {
          "style": {
            "fontSize": "1.3em",
            "fontWeight": "bold",
            "textAlign": "center"
          }
        },
        "type": "ia.display.label"
      },
      {
        "meta": {
          "name": "HomeTeamRecord"
        },
        "position": {
          "height": 26,
          "width": 83,
          "x": 128.5,
          "y": 173
        },
        "propConfig": {
          "props.text": {
            "binding": {
              "config": {
                "expression": "tag(\u0027[MQTT Engine]nhl/nhl/games/\u0027 + {view.params.gameId} + \u0027/teams/home/leagueRecord/wins\u0027) +\n\u0027 - \u0027 +\ntag(\u0027[MQTT Engine]nhl/nhl/games/\u0027 + {view.params.gameId} + \u0027/teams/home/leagueRecord/losses\u0027) + \n\u0027 - \u0027 +\ntag(\u0027[MQTT Engine]nhl/nhl/games/\u0027 + {view.params.gameId} + \u0027/teams/home/leagueRecord/ot\u0027)"
              },
              "overlayOptOut": true,
              "type": "expr"
            }
          }
        },
        "props": {
          "style": {
            "textAlign": "center"
          }
        },
        "type": "ia.display.label"
      },
      {
        "meta": {
          "name": "Time"
        },
        "position": {
          "height": 29,
          "rotate": {
            "anchor": "50% 36%"
          },
          "width": 129,
          "x": 261,
          "y": 91
        },
        "propConfig": {
          "props.text": {
            "binding": {
              "config": {
                "expression": "floor(((getSecond({[System]Gateway/CurrentDateTime}) - 3) % 60)/30) \u003d 0"
              },
              "overlayOptOut": true,
              "transforms": [
                {
                  "code": "\tdisplay_time \u003d nhlapi.getDataMethods.getDisplayTime(self.view.params.gameId)\n\treturn display_time\n",
                  "type": "script"
                }
              ],
              "type": "expr"
            }
          }
        },
        "props": {
          "style": {
            "textAlign": "center"
          }
        },
        "type": "ia.display.label"
      },
      {
        "meta": {
          "name": "AwayTeamScore"
        },
        "position": {
          "height": 40,
          "width": 58,
          "x": 297,
          "y": 15.5
        },
        "propConfig": {
          "props.text": {
            "binding": {
              "config": {
                "expression": "if(tag(\u0027[MQTT Engine]nhl/nhl/games/\u0027 + {view.params.gameId} + \u0027/teams/away/goals\u0027) \u003d null, \u0027\u0027, tag(\u0027[MQTT Engine]nhl/nhl/games/\u0027 + {view.params.gameId} + \u0027/teams/away/goals\u0027))"
              },
              "overlayOptOut": true,
              "type": "expr"
            }
          }
        },
        "props": {
          "style": {
            "fontSize": "1.5em",
            "fontWeight": "normal",
            "textAlign": "center"
          }
        },
        "type": "ia.display.label"
      },
      {
        "meta": {
          "name": "HomeTeamScore"
        },
        "position": {
          "height": 40,
          "width": 58,
          "x": 297,
          "y": 121.5
        },
        "propConfig": {
          "props.text": {
            "binding": {
              "config": {
                "expression": "if(tag(\u0027[MQTT Engine]nhl/nhl/games/\u0027 + {view.params.gameId} + \u0027/teams/home/goals\u0027) \u003d null, \u0027\u0027, tag(\u0027[MQTT Engine]nhl/nhl/games/\u0027 + {view.params.gameId} + \u0027/teams/home/goals\u0027))"
              },
              "overlayOptOut": true,
              "type": "expr"
            }
          }
        },
        "props": {
          "style": {
            "fontSize": "1.5em",
            "fontWeight": "normal",
            "textAlign": "center"
          }
        },
        "type": "ia.display.label"
      },
      {
        "meta": {
          "name": "HomeTeamSOG"
        },
        "position": {
          "height": 26,
          "width": 83,
          "x": 284.5,
          "y": 173
        },
        "propConfig": {
          "props.text": {
            "binding": {
              "config": {
                "expression": "if(tag(\u0027[MQTT Engine]nhl/nhl/games/\u0027 + {view.params.gameId} + \u0027/teams/home/shotsOnGoal\u0027) \u003d null, \u0027\u0027,\u0027SOG \u0027 + tag(\u0027[MQTT Engine]nhl/nhl/games/\u0027 + {view.params.gameId} + \u0027/teams/home/shotsOnGoal\u0027))"
              },
              "overlayOptOut": true,
              "type": "expr"
            }
          }
        },
        "props": {
          "style": {
            "textAlign": "center"
          }
        },
        "type": "ia.display.label"
      },
      {
        "meta": {
          "name": "AwayTeamSOG"
        },
        "position": {
          "height": 26,
          "width": 83,
          "x": 284.5,
          "y": 67
        },
        "propConfig": {
          "props.text": {
            "binding": {
              "config": {
                "expression": "if(tag(\u0027[MQTT Engine]nhl/nhl/games/\u0027 + {view.params.gameId} + \u0027/teams/away/shotsOnGoal\u0027) \u003d null, \u0027\u0027,\u0027SOG \u0027 + tag(\u0027[MQTT Engine]nhl/nhl/games/\u0027 + {view.params.gameId} + \u0027/teams/away/shotsOnGoal\u0027))"
              },
              "overlayOptOut": true,
              "type": "expr"
            }
          }
        },
        "props": {
          "style": {
            "textAlign": "center"
          }
        },
        "type": "ia.display.label"
      }
    ],
    "meta": {
      "name": "root"
    },
    "props": {
      "style": {
        "backgroundColor": "#000000",
        "color": "#EFEFEF"
      }
    },
    "type": "ia.container.coord"
  }
}