{
  "custom": {},
  "params": {
    "tag": "[MQTT Engine]weather/weather/MidlandTexas/alerts/0"
  },
  "propConfig": {
    "params.tag": {
      "paramDirection": "input",
      "persistent": true
    }
  },
  "props": {
    "defaultSize": {
      "height": 99,
      "width": 400
    }
  },
  "root": {
    "children": [
      {
        "meta": {
          "name": "Label"
        },
        "position": {
          "height": 32,
          "width": 89,
          "x": 0.00694999999999979,
          "y": 38
        },
        "props": {
          "style": {
            "color": "#EFEFEF"
          },
          "text": "Start:"
        },
        "type": "ia.display.label"
      },
      {
        "meta": {
          "name": "Label_0"
        },
        "position": {
          "height": 32,
          "width": 89,
          "x": 200,
          "y": 38
        },
        "props": {
          "style": {
            "color": "#EFEFEF"
          },
          "text": "End:"
        },
        "type": "ia.display.label"
      },
      {
        "meta": {
          "name": "Markdown"
        },
        "position": {
          "height": 38,
          "width": 354
        },
        "propConfig": {
          "props.source": {
            "binding": {
              "config": {
                "expression": "tag({view.params.tag} + \u0027/event\u0027)"
              },
              "type": "expr"
            }
          }
        },
        "props": {
          "markdown": {
            "escapeHtml": false
          },
          "style": {
            "color": "#EFEFEF",
            "fontSize": "1.5em",
            "overflow": "hidden",
            "overflowX": "hidden",
            "overflowY": "hidden",
            "textAlign": "center"
          }
        },
        "type": "ia.display.markdown"
      },
      {
        "meta": {
          "name": "Label_1"
        },
        "position": {
          "height": 32,
          "width": 147,
          "x": 50,
          "y": 38
        },
        "propConfig": {
          "props.text": {
            "binding": {
              "config": {
                "expression": "dateFormat(fromMillis(tag({view.params.tag} + \u0027/start\u0027)*1000), \u0027M/d H:mm\u0027)\n\n"
              },
              "type": "expr"
            }
          }
        },
        "props": {
          "style": {
            "color": "#EFEFEF"
          }
        },
        "type": "ia.display.label"
      },
      {
        "meta": {
          "name": "Label_2"
        },
        "position": {
          "height": 32,
          "width": 150,
          "x": 250,
          "y": 38
        },
        "propConfig": {
          "props.text": {
            "binding": {
              "config": {
                "expression": "dateFormat(fromMillis(tag({view.params.tag} + \u0027/end\u0027)*1000), \u0027M/d H:mm\u0027)"
              },
              "type": "expr"
            }
          }
        },
        "props": {
          "style": {
            "color": "#EFEFEF"
          }
        },
        "type": "ia.display.label"
      }
    ],
    "meta": {
      "name": "root"
    },
    "props": {
      "style": {
        "backgroundColor": "#000000",
        "overflow": "hidden",
        "overflowX": "hidden",
        "overflowY": "hidden"
      }
    },
    "type": "ia.container.coord"
  }
}