{
  "custom": {},
  "params": {
    "root_folder": ""
  },
  "propConfig": {
    "params.root_folder": {
      "paramDirection": "input",
      "persistent": true
    }
  },
  "props": {
    "defaultSize": {
      "height": 200,
      "width": 250
    }
  },
  "root": {
    "children": [
      {
        "children": [
          {
            "meta": {
              "name": "Image"
            },
            "position": {
              "basis": "96px"
            },
            "propConfig": {
              "props.source": {
                "binding": {
                  "config": {
                    "expression": "\u0027/system/images/weather/\u0027 + tag({view.params.root_folder} + \u0027/current/weather/0/icon\u0027) + \u0027.png\u0027 "
                  },
                  "type": "expr"
                }
              }
            },
            "props": {
              "fit": {
                "height": 90,
                "mode": "fill",
                "width": 90
              },
              "tint": {
                "enabled": true
              }
            },
            "type": "ia.display.image"
          }
        ],
        "meta": {
          "name": "FlexContainer_Icon"
        },
        "position": {
          "height": 100,
          "width": 92,
          "x": 0.01,
          "y": 0.00999999999999801
        },
        "props": {
          "alignItems": "center",
          "style": {
            "backgroundColor": "#000000",
            "overflow": "visible"
          }
        },
        "type": "ia.container.flex"
      },
      {
        "children": [
          {
            "meta": {
              "name": "Markdown_0"
            },
            "position": {
              "basis": "200px"
            },
            "propConfig": {
              "props.source": {
                "binding": {
                  "config": {
                    "expression": "\u0027Hum: \u0027 + tag({view.params.root_folder} + \u0027/current/humidity\u0027) + \u0027%\u0027"
                  },
                  "type": "expr"
                }
              }
            },
            "props": {
              "style": {
                "color": "#EFEFEF",
                "textAlign": "center"
              }
            },
            "type": "ia.display.markdown"
          },
          {
            "meta": {
              "name": "Image_0"
            },
            "position": {
              "basis": "100px"
            },
            "props": {
              "fit": {
                "mode": "contain"
              },
              "source": "/system/images/weather/rain_drop_3.png",
              "tint": {
                "color": "FFFFFF"
              }
            },
            "type": "ia.display.image"
          },
          {
            "meta": {
              "name": "Markdown"
            },
            "position": {
              "basis": "200px"
            },
            "propConfig": {
              "props.source": {
                "binding": {
                  "config": {
                    "expression": "tag({view.params.root_folder} + \u0027/daily/0/pop\u0027) + \u0027%\u0027"
                  },
                  "type": "expr"
                }
              }
            },
            "props": {
              "style": {
                "color": "#EFEFEF"
              }
            },
            "type": "ia.display.markdown"
          }
        ],
        "meta": {
          "name": "FlexContainer_HumRain"
        },
        "position": {
          "height": 25,
          "width": 248,
          "y": 100.002
        },
        "type": "ia.container.flex"
      },
      {
        "meta": {
          "name": "Label"
        },
        "position": {
          "height": 17,
          "width": 70,
          "x": 10.009999999999998,
          "y": 65.01
        },
        "propConfig": {
          "props.text": {
            "binding": {
              "config": {
                "expression": "tag({view.params.root_folder} + \u0027/current/weather/0/description\u0027)"
              },
              "type": "expr"
            }
          }
        },
        "props": {
          "style": {
            "color": "#EFEFEF",
            "fontSize": 10,
            "textAlign": "center"
          }
        },
        "type": "ia.display.label"
      },
      {
        "children": [
          {
            "meta": {
              "name": "Markdown_0"
            },
            "position": {
              "basis": "200px",
              "grow": 1
            },
            "propConfig": {
              "props.source": {
                "binding": {
                  "config": {
                    "expression": "\u0027Sunrise: \u0027 + dateFormat(fromMillis(tag({view.params.root_folder} + \u0027/current/sunrise\u0027)*1000), \u0027H:MM\u0027) + \n\n\u0027 / Sunset: \u0027 + dateFormat(fromMillis(tag({view.params.root_folder} + \u0027/current/sunset\u0027)*1000), \u0027H:MM\u0027)"
                  },
                  "type": "expr"
                }
              }
            },
            "props": {
              "style": {
                "color": "#EFEFEF",
                "textAlign": "center"
              }
            },
            "type": "ia.display.markdown"
          }
        ],
        "meta": {
          "name": "FlexContainer_Sun"
        },
        "position": {
          "height": 23.999999999999996,
          "width": 248,
          "y": 167.002
        },
        "type": "ia.container.flex"
      },
      {
        "children": [
          {
            "meta": {
              "name": "Icon"
            },
            "position": {
              "basis": "16px",
              "shrink": 0
            },
            "props": {
              "color": "#FFFFFF",
              "path": "material/weather_wind",
              "style": {
                "classes": ""
              }
            },
            "type": "ia.display.icon"
          },
          {
            "meta": {
              "name": "Label_0"
            },
            "position": {
              "basis": "70px",
              "shrink": 0
            },
            "propConfig": {
              "props.text": {
                "binding": {
                  "config": {
                    "expression": "numberFormat(tag({view.params.root_folder} + \u0027/current/wind_speed\u0027)* 2.236936 , \"#,##0.##\") + \"mph\""
                  },
                  "type": "expr"
                }
              }
            },
            "props": {
              "style": {
                "classes": "Widget/Title_Lighter",
                "marginLeft": "4px"
              }
            },
            "type": "ia.display.label"
          },
          {
            "meta": {
              "name": "Label"
            },
            "position": {
              "shrink": 0
            },
            "propConfig": {
              "props.text": {
                "binding": {
                  "config": {
                    "fallbackDelay": 2.5,
                    "mode": "direct",
                    "tagPath": ""
                  },
                  "transforms": [
                    {
                      "expression": "try(floor(({value} / 22.5) + 0.5) % 16, -1)",
                      "type": "expression"
                    },
                    {
                      "fallback": "",
                      "inputType": "scalar",
                      "mappings": [
                        {
                          "input": 0,
                          "output": "N"
                        },
                        {
                          "input": 1,
                          "output": "NNE"
                        },
                        {
                          "input": 2,
                          "output": "NE"
                        },
                        {
                          "input": 3,
                          "output": "ENE"
                        },
                        {
                          "input": 4,
                          "output": "E"
                        },
                        {
                          "input": 5,
                          "output": "ESE"
                        },
                        {
                          "input": 6,
                          "output": "SE"
                        },
                        {
                          "input": 7,
                          "output": "SSE"
                        },
                        {
                          "input": 8,
                          "output": "S"
                        },
                        {
                          "input": 9,
                          "output": "SSW"
                        },
                        {
                          "input": 10,
                          "output": "SW"
                        },
                        {
                          "input": 11,
                          "output": "WSW"
                        },
                        {
                          "input": 12,
                          "output": "W"
                        },
                        {
                          "input": 13,
                          "output": "WNW"
                        },
                        {
                          "input": 14,
                          "output": "NW"
                        },
                        {
                          "input": 15,
                          "output": "NNW"
                        }
                      ],
                      "outputType": "scalar",
                      "type": "map"
                    },
                    {
                      "expression": "\" - \" + {value}",
                      "type": "expression"
                    }
                  ],
                  "type": "tag"
                }
              }
            },
            "props": {
              "style": {
                "classes": "Widget/Title_Lighter",
                "marginLeft": "4px"
              }
            },
            "type": "ia.display.label"
          }
        ],
        "meta": {
          "name": "FlexContainer_Wind"
        },
        "position": {
          "height": 28,
          "width": 248,
          "y": 132.01
        },
        "props": {
          "justify": "center",
          "style": {
            "color": "#EFEFEF",
            "overflow": "hidden"
          }
        },
        "type": "ia.container.flex"
      },
      {
        "meta": {
          "name": "Markdown_CurrentWeather"
        },
        "position": {
          "height": 23,
          "width": 145,
          "x": 93,
          "y": 13.4947
        },
        "propConfig": {
          "props.source": {
            "binding": {
              "config": {
                "expression": "numberFormat(round(tag({view.params.root_folder} + \u0027/current/temp\u0027)*9/5 + 32), \"#,##0\") + \u0027 °F\u0027"
              },
              "type": "expr"
            }
          }
        },
        "props": {
          "markdown": {
            "escapeHtml": false
          },
          "style": {
            "color": "#EFEFEF",
            "textAlign": "center"
          }
        },
        "type": "ia.display.markdown"
      },
      {
        "meta": {
          "name": "Markdown_Min"
        },
        "position": {
          "height": 25,
          "width": 46,
          "x": 167,
          "y": 66.5
        },
        "propConfig": {
          "props.source": {
            "binding": {
              "config": {
                "expression": "round(tag({view.params.root_folder} + \u0027/daily/0/temp/min\u0027)*9/5 + 32) + \u0027°\u0027"
              },
              "type": "expr"
            }
          }
        },
        "props": {
          "markdown": {
            "escapeHtml": false
          },
          "style": {
            "color": "#8670FF",
            "textAlign": "center"
          }
        },
        "type": "ia.display.markdown"
      },
      {
        "meta": {
          "name": "Markdown_Max"
        },
        "position": {
          "height": 25,
          "width": 46,
          "x": 113,
          "y": 66.5
        },
        "propConfig": {
          "props.source": {
            "binding": {
              "config": {
                "expression": "round(tag({view.params.root_folder} + \u0027/daily/0/temp/max\u0027)*9/5 + 32) + \u0027°\u0027"
              },
              "type": "expr"
            }
          }
        },
        "props": {
          "markdown": {
            "escapeHtml": false
          },
          "style": {
            "color": "#FFBBAD",
            "textAlign": "center"
          }
        },
        "type": "ia.display.markdown"
      },
      {
        "meta": {
          "name": "Markdown_XLine"
        },
        "position": {
          "height": 25,
          "width": 32,
          "x": 146,
          "y": 66.5
        },
        "props": {
          "markdown": {
            "escapeHtml": false
          },
          "source": "/",
          "style": {
            "color": "#FFFFFF",
            "textAlign": "center"
          }
        },
        "type": "ia.display.markdown"
      },
      {
        "meta": {
          "name": "Markdown_Bottom_HR"
        },
        "position": {
          "height": 8,
          "width": 125,
          "x": 102,
          "y": 61.5
        },
        "propConfig": {
          "props.source": {
            "binding": {
              "config": {
                "expression": "\u0027\u003chr style\u003d\"height:1px;border-width:0;color:gray;background-color:gray\"\u003e\u0027 "
              },
              "type": "expr"
            }
          }
        },
        "props": {
          "markdown": {
            "escapeHtml": false
          },
          "style": {
            "color": "#EFEFEF",
            "textAlign": "center"
          }
        },
        "type": "ia.display.markdown"
      },
      {
        "meta": {
          "name": "Markdown_FeelsLike"
        },
        "position": {
          "height": 24,
          "width": 145,
          "x": 93,
          "y": 37
        },
        "propConfig": {
          "props.source": {
            "binding": {
              "config": {
                "expression": "\u0027Feels like: \u0027 + numberFormat(round(tag({view.params.root_folder} + \u0027/current/feels_like\u0027)*9/5 + 32), \"#,##0\") + \u0027 °F\u0027 "
              },
              "type": "expr"
            }
          }
        },
        "props": {
          "markdown": {
            "escapeHtml": false
          },
          "style": {
            "color": "#EFEFEF",
            "textAlign": "center"
          }
        },
        "type": "ia.display.markdown"
      },
      {
        "meta": {
          "name": "Markdown_Top_HR"
        },
        "position": {
          "height": 8,
          "width": 125,
          "x": 102,
          "y": 35.5
        },
        "propConfig": {
          "props.source": {
            "binding": {
              "config": {
                "expression": "\u0027\u003chr style\u003d\"height:1px;border-width:0;color:gray;background-color:gray\"\u003e\u0027 "
              },
              "type": "expr"
            }
          }
        },
        "props": {
          "markdown": {
            "escapeHtml": false
          },
          "style": {
            "color": "#EFEFEF",
            "textAlign": "center"
          }
        },
        "type": "ia.display.markdown"
      }
    ],
    "meta": {
      "name": "root"
    },
    "position": {
      "x": 298,
      "y": 43
    },
    "props": {
      "style": {
        "backgroundColor": "#000000"
      }
    },
    "type": "ia.container.coord"
  }
}