{
  "custom": {},
  "params": {},
  "props": {},
  "root": {
    "children": [
      {
        "meta": {
          "name": "EmbeddedView"
        },
        "position": {
          "height": 218,
          "width": 254,
          "x": 45
        },
        "props": {
          "params": {
            "root_folder": "[MQTT Engine]weather/weather/midlandtx"
          },
          "path": "SmartMirror/Weather/local_weather_current"
        },
        "type": "ia.display.view"
      },
      {
        "custom": {
          "root_folder": "[MQTT Engine]weather/weather/midlandtx"
        },
        "meta": {
          "name": "FlexRepeater"
        },
        "position": {
          "height": 521,
          "width": 272,
          "x": 36,
          "y": 251
        },
        "propConfig": {
          "props.instances": {
            "binding": {
              "config": {
                "expression": "getMinute({[System]Gateway/CurrentDateTime}) % 10 \u003d 0"
              },
              "transforms": [
                {
                  "code": "\tparam_array \u003d []\n\troot_folder \u003d self.custom.root_folder\t\n\tfor i in range(1, 8):\n\t\tparam_array.append({\u0027day\u0027:i, \u0027root_folder\u0027:root_folder})\n\treturn param_array\n",
                  "type": "script"
                }
              ],
              "type": "expr"
            }
          }
        },
        "props": {
          "direction": "column",
          "path": "SmartMirror/Weather/local_forecast_day"
        },
        "type": "ia.display.flex-repeater"
      }
    ],
    "meta": {
      "name": "root"
    },
    "props": {
      "style": {
        "backgroundColor": "#000000"
      }
    },
    "type": "ia.container.coord"
  }
}