{
  "custom": {},
  "params": {
    "day": 1,
    "root_folder": "[MQTT Engine]weather/weather/midlandtx"
  },
  "propConfig": {
    "params.day": {
      "paramDirection": "input",
      "persistent": true
    },
    "params.root_folder": {
      "paramDirection": "input",
      "persistent": true
    }
  },
  "props": {
    "defaultSize": {
      "height": 72,
      "width": 250
    }
  },
  "root": {
    "children": [
      {
        "meta": {
          "name": "Markdown_0"
        },
        "position": {
          "basis": 110
        },
        "propConfig": {
          "props.source": {
            "binding": {
              "config": {
                "expression": "dateFormat(fromMillis(tag({view.params.root_folder} + \u0027/daily/\u0027 + {view.params.day} + \u0027/dt\u0027))*1000, \u0027E\u0027)\n"
              },
              "type": "expr"
            }
          }
        },
        "props": {
          "style": {
            "color": "#EFEFEF",
            "fontSize": 24
          }
        },
        "type": "ia.display.markdown"
      },
      {
        "meta": {
          "name": "Image"
        },
        "position": {
          "basis": "100px"
        },
        "propConfig": {
          "props.source": {
            "binding": {
              "config": {
                "expression": "\u0027/system/images/weather/\u0027 + tag({view.params.root_folder} + \u0027/daily/\u0027 + {view.params.day} + \u0027/weather/0/icon\u0027) + \u0027.png\u0027"
              },
              "type": "expr"
            }
          }
        },
        "props": {
          "fit": {
            "height": 50,
            "mode": "contain"
          }
        },
        "type": "ia.display.image"
      },
      {
        "meta": {
          "name": "Markdown"
        },
        "position": {
          "basis": 100,
          "grow": 1
        },
        "propConfig": {
          "props.source": {
            "binding": {
              "config": {
                "expression": "\u0027\u003cp style\u003d\"color:#FFBBAD;\"\u003e\u0027 +\nround(tag({view.params.root_folder} + \u0027/daily/\u0027 + {view.params.day} + \u0027/temp/max\u0027)*9/5 + 32) + \u0027°F\u0027 +\n\u0027\u003c/p\u003e\u0027 "
              },
              "type": "expr"
            }
          }
        },
        "props": {
          "markdown": {
            "escapeHtml": false
          },
          "style": {
            "color": "#EFEFEF",
            "fontSize": 20,
            "textAlign": "center"
          }
        },
        "type": "ia.display.markdown"
      },
      {
        "meta": {
          "name": "Markdown_1"
        },
        "position": {
          "basis": 100,
          "grow": 1
        },
        "propConfig": {
          "props.source": {
            "binding": {
              "config": {
                "expression": "\u0027\u003cp style\u003d\"color:#8670FF;\"\u003e\u0027 +\nround(tag({view.params.root_folder} + \u0027/daily/\u0027 + {view.params.day} + \u0027/temp/min\u0027)*9/5 + 32) + \u0027°F\u0027 +\n\u0027\u003c/p\u003e\u0027"
              },
              "type": "expr"
            }
          }
        },
        "props": {
          "markdown": {
            "escapeHtml": false
          },
          "style": {
            "color": "#EFEFEF",
            "fontSize": 20,
            "textAlign": "center"
          }
        },
        "type": "ia.display.markdown"
      },
      {
        "meta": {
          "name": "Markdown_2"
        },
        "position": {
          "basis": 100,
          "grow": 1
        },
        "propConfig": {
          "props.source": {
            "binding": {
              "config": {
                "expression": "\u0027\u003cp style\u003d\"color:#64b058;\"\u003e\u0027 +\nround(tag({view.params.root_folder} + \u0027/daily/\u0027 + {view.params.day} + \u0027/pop\u0027)) + \u0027%\u0027  +\n\u0027\u003c/p\u003e\u0027"
              },
              "type": "expr"
            }
          }
        },
        "props": {
          "markdown": {
            "escapeHtml": false
          },
          "style": {
            "color": "#EFEFEF",
            "fontSize": 20,
            "textAlign": "center"
          }
        },
        "type": "ia.display.markdown"
      }
    ],
    "meta": {
      "name": "root"
    },
    "props": {
      "alignItems": "center",
      "style": {
        "backgroundColor": "#000000"
      }
    },
    "type": "ia.container.flex"
  }
}