{
  "custom": {},
  "params": {},
  "props": {},
  "root": {
    "children": [
      {
        "custom": {
          "root_folder": "[MQTT Engine]calendar/calendar/family_calendar"
        },
        "meta": {
          "name": "Carousel"
        },
        "position": {
          "height": 392,
          "rotate": {
            "angle": 90
          },
          "width": 533,
          "x": -36,
          "y": 150.997
        },
        "propConfig": {
          "props.views": {
            "binding": {
              "config": {
                "expression": "floor(getSecond({[System]Gateway/CurrentDateTime})/10)"
              },
              "transforms": [
                {
                  "code": "\tviewPath \u003d \"SmartMirror/Calendar/ViewRotated\"\n\tresults \u003d system.tag.browse(path\u003dself.custom.root_folder)\n\ttag_paths \u003d [\u0027{0}\u0027.format(result[\u0027fullPath\u0027]) for result in results.getResults()]\n\tvalues \u003d system.tag.readBlocking(tag_paths)\n\tmy_list \u003d [x[0].split(\u0027/\u0027)[-1] + \u0027 - \u0027 + x[1].value for x in zip(tag_paths, values)]\n\tinstances \u003d []\n\tfor i, ob in enumerate(my_list):\n\t\tviewParams \u003d {\"position\":i, \"root_folder\":self.custom.root_folder}\n\t\tinstances.append({\"viewPath\":viewPath, \u0027viewParams\u0027:viewParams})\n\treturn instances\n\t",
                  "type": "script"
                }
              ],
              "type": "expr"
            }
          }
        },
        "props": {
          "activePane": 10,
          "appearance": {
            "arrows": {
              "enabled": false
            },
            "dots": {
              "enabled": false
            }
          },
          "autoplay": {
            "enabled": true,
            "transitionDelay": 7500
          },
          "behavior": {
            "fade": true,
            "transitionSpeed": 1500
          },
          "style": {
            "overflow": "hidden"
          }
        },
        "type": "ia.display.carousel"
      }
    ],
    "meta": {
      "name": "root"
    },
    "props": {
      "style": {
        "backgroundColor": "#000000"
      }
    },
    "type": "ia.container.coord"
  }
}