{
  "custom": {},
  "params": {},
  "props": {},
  "root": {
    "children": [
      {
        "meta": {
          "name": "Carousel_0"
        },
        "position": {
          "height": 213,
          "width": 434,
          "x": 36,
          "y": 61
        },
        "propConfig": {
          "props.views": {
            "binding": {
              "config": {
                "expression": "getHour24({[System]Gateway/CurrentDateTime}) \u003d 3 \u0026\u0026 getMinute({[System]Gateway/CurrentDateTime}) \u003d 8"
              },
              "transforms": [
                {
                  "code": "\ttag_path \u003d \u0027[MQTT Engine]nhl/nhl/games\u0027\n\tviewPath \u003d \"SmartMirror/NHLGames/NHLCard\"\n\tresults \u003d system.tag.browse(path\u003dtag_path)\n\tgame_ids \u003d [\u0027{0}\u0027.format(result[\u0027fullPath\u0027]).split(\u0027/\u0027)[-1] for result in results.getResults()]\n\tinstances \u003d []\n\tfor game_id in game_ids:\n\t\tviewParams \u003d {\u0027gameId\u0027:game_id}\n\t\tinstances.append({\"viewPath\":viewPath, \u0027viewParams\u0027:viewParams})\n\treturn instances",
                  "type": "script"
                }
              ],
              "type": "expr"
            }
          }
        },
        "props": {
          "appearance": {
            "arrows": {
              "enabled": false
            },
            "dots": {
              "enabled": false
            }
          },
          "autoplay": {
            "enabled": true,
            "transitionDelay": 10000
          },
          "behavior": {
            "fade": true,
            "transitionSpeed": 1000
          }
        },
        "type": "ia.display.carousel"
      }
    ],
    "meta": {
      "name": "root"
    },
    "props": {
      "style": {
        "backgroundColor": "#000000"
      }
    },
    "type": "ia.container.coord"
  }
}