{
  "custom": {},
  "params": {
    "text": "\u003cdiv style\u003d\"background-color:#454577;margin:0\"\u003e2020-09-26:\u003c/div\u003e\u003cdiv style\u003d\"background-color: #454577;margin:0\"\u003e test\u003c/div\u003e"
  },
  "propConfig": {
    "params.text": {
      "paramDirection": "input",
      "persistent": true
    }
  },
  "props": {
    "defaultSize": {
      "height": 99,
      "width": 200
    }
  },
  "root": {
    "children": [
      {
        "meta": {
          "name": "Markdown"
        },
        "position": {
          "basis": "200px",
          "grow": 1
        },
        "propConfig": {
          "props.source": {
            "binding": {
              "config": {
                "path": "view.params.text"
              },
              "type": "property"
            }
          }
        },
        "props": {
          "markdown": {
            "escapeHtml": false
          },
          "sectionSpacing": 16
        },
        "type": "ia.display.markdown"
      }
    ],
    "meta": {
      "name": "root"
    },
    "props": {
      "direction": "column",
      "style": {
        "backgroundColor": "#000000",
        "color": "#EFEFEF"
      }
    },
    "type": "ia.container.flex"
  }
}